{
  "announcements": [
    {
      "title": "Enrollment for SY 2026\u20132027 opens",
      "date": "Apr 15, 2026",
      "summary": "Pre-registration now available online and on campus."
    },
    {
      "title": "Brigada Eskwela week",
      "date": "May 10\u201314, 2026",
      "summary": "Join our community clean-up and classroom prep."
    }
  ],
  "events": [
    {
      "title": "Orientation Day",
      "date": "Aug 3, 2026",
      "venue": "School Gym"
    },
    {
      "title": "Parents-Teachers Conference",
      "date": "Oct 2, 2026",
      "venue": "Main Building"
    }
  ]
}